日期,股票代码,名称,收盘价,最高价,最低价,开盘价,前收盘,涨跌额,涨跌幅,换手率,成交量,成交金额,总市值,流通市值
2018-02-09,'600000,浦发银行,12.78,12.98,12.24,12.89,13.1,-0.32,-2.4427,0.5311,149257356,1877264356.0,3.75119587474e+11,3.59166102629e+11
2018-02-08,'600000,浦发银行,13.1,13.4,12.95,13.34,13.45,-0.35,-2.6022,0.3894,109426872,1438198801.0,3.84512253201e+11,3.68159307077e+11
2018-02-07,'600000,浦发银行,13.45,13.9,13.24,13.58,13.48,-0.03,-0.2226,0.7144,200770115,2720519687.0,3.9478548134e+11,3.77995624442e+11
2018-02-06,'600000,浦发银行,13.48,13.5,13.2,13.29,13.49,-0.01,-0.0741,0.8695,244358992,3270199180.0,3.95666043752e+11,3.78838737359e+11
2018-02-05,'600000,浦发银行,13.49,13.54,12.98,13.0,13.14,0.35,2.6636,0.5343,150149657,2006361757.0,3.95959564556e+11,3.79119774998e+11
2018-02-02,'600000,浦发银行,13.14,13.19,13.01,13.19,13.3,-0.16,-1.203,0.2555,71796780,941467191.0,3.85686336417e+11,3.69283457633e+11
2018-02-01,'600000,浦发银行,13.3,13.33,12.94,13.14,13.17,0.13,0.9871,0.6176,173573331,2289044601.0,3.9038266928e+11,3.73780059857e+11
2018-01-31,'600000,浦发银行,13.17,13.19,12.98,13.05,13.11,0.06,0.4577,0.4188,117703264,1541960901.0,3.86566898828e+11,3.7012657055e+11
2018-01-30,'600000,浦发银行,13.11,13.49,13.09,13.45,13.46,-0.35,-2.6003,0.3836,107804018,1429924976.0,3.84805774005e+11,3.68440344716e+11
2018-01-29,'600000,浦发银行,13.46,13.53,13.32,13.48,13.41,0.05,0.3729,0.5472,153783104,2065139247.0,3.95079002144e+11,3.78276662081e+11
2018-01-26,'600000,浦发银行,13.41,13.72,13.36,13.65,13.65,-0.24,-1.7582,0.7772,218419685,2954019925.0,3.93611398124e+11,3.76871473886e+11
2018-01-25,'600000,浦发银行,13.65,13.76,13.36,13.54,13.57,0.08,0.5895,0.6298,176989631,2400208784.0,4.00655897419e+11,3.83616377221e+11
2018-01-24,'600000,浦发银行,13.57,14.0,12.89,12.97,12.9,0.67,5.1938,1.3509,379653629,5099364114.0,3.98307730987e+11,3.81368076109e+11
2018-01-23,'600000,浦发银行,12.9,12.92,12.68,12.75,12.77,0.13,1.018,0.7751,217827457,2791828653.0,3.78641837121e+11,3.62538554297e+11
2018-01-22,'600000,浦发银行,12.77,13.15,12.71,12.93,13.24,-0.47,-3.5498,0.9697,272513801,3514775144.0,3.7482606667e+11,3.5888506499e+11
2018-01-19,'600000,浦发银行,13.24,13.61,13.18,13.33,13.24,0.0,0.0,0.6108,171648871,2300220633.0,3.88621544456e+11,3.72093834023e+11
2018-01-18,'600000,浦发银行,13.24,13.25,13.05,13.14,13.1,0.14,1.0687,0.3971,111608076,1465159094.0,3.88621544456e+11,3.72093834023e+11
2018-01-17,'600000,浦发银行,13.1,13.42,12.89,12.91,12.9,0.2,1.5504,0.4524,127132813,1675235171.0,3.84512253201e+11,3.68159307077e+11
2018-01-16,'600000,浦发银行,12.9,13.06,12.78,12.97,13.02,-0.12,-0.9217,0.2665,74892652,963701144.0,3.78641837121e+11,3.62538554297e+11
2018-01-15,'600000,浦发银行,13.02,13.08,12.85,12.88,12.91,0.11,0.8521,0.2182,61320680,796861091.0,3.82164086769e+11,3.65911005965e+11
2018-01-12,'600000,浦发银行,12.91,13.0,12.9,12.97,12.94,-0.03,-0.2318,0.0861,24203419,313215088.0,3.78935357925e+11,3.62819591936e+11
2018-01-11,'600000,浦发银行,12.94,13.04,12.87,12.95,13.02,-0.08,-0.6144,0.1346,37816412,489588906.0,3.79815920337e+11,3.63662704853e+11
2018-01-10,'600000,浦发银行,13.02,13.09,12.68,12.7,12.7,0.32,2.5197,0.3227,90679990,1174202006.0,3.82164086769e+11,3.65911005965e+11
2018-01-09,'600000,浦发银行,12.7,12.74,12.66,12.68,12.68,0.02,0.1577,0.0933,26215432,332848333.0,3.72771421042e+11,3.56917801517e+11
2018-01-08,'600000,浦发银行,12.68,12.71,12.63,12.69,12.69,-0.01,-0.0788,0.1117,31389887,397842209.0,3.72184379434e+11,3.56355726239e+11
2018-01-05,'600000,浦发银行,12.69,12.71,12.62,12.67,12.66,0.03,0.237,0.1104,31026744,393058250.0,3.72477900238e+11,3.56636763878e+11
2018-01-04,'600000,浦发银行,12.66,12.73,12.62,12.7,12.66,0.0,0.0,0.0992,27883804,353205838.0,3.71597337826e+11,3.55793650961e+11
2018-01-03,'600000,浦发银行,12.66,12.8,12.66,12.73,12.72,-0.06,-0.4717,0.1346,37839101,480954809.0,3.71597337826e+11,3.55793650961e+11
2018-01-02,'600000,浦发银行,12.72,12.77,12.6,12.61,12.59,0.13,1.0326,0.1115,31323053,398614966.0,3.7335846265e+11,3.57479876795e+11
2017-12-29,'600000,浦发银行,12.59,12.62,12.51,12.52,12.54,0.05,0.3987,0.0582,16351826,205752875.0,3.69542692198e+11,3.53826387488e+11
2017-12-28,'600000,浦发银行,12.54,12.66,12.53,12.6,12.62,-0.08,-0.6339,0.0849,23870824,300834017.0,3.68075088178e+11,3.52421199293e+11
2017-12-27,'600000,浦发银行,12.62,12.66,12.53,12.65,12.64,-0.02,-0.1582,0.1165,32731881,412197987.0,3.7042325461e+11,3.54669500405e+11
2017-12-26,'600000,浦发银行,12.64,12.66,12.56,12.57,12.59,0.05,0.3971,0.0542,15225722,192219131.0,3.71010296218e+11,3.55231575683e+11
2017-12-25,'600000,浦发银行,12.59,12.68,12.56,12.61,12.62,-0.03,-0.2377,0.0687,19306662,243553698.0,3.69542692198e+11,3.53826387488e+11
2017-12-22,'600000,浦发银行,12.62,12.72,12.61,12.68,12.7,-0.08,-0.6299,0.0572,16076938,203468779.0,3.7042325461e+11,3.54669500405e+11
2017-12-21,'600000,浦发银行,12.7,12.78,12.6,12.67,12.73,-0.03,-0.2357,0.0749,21052388,267624195.0,3.72771421042e+11,3.56917801517e+11
2017-12-20,'600000,浦发银行,12.73,12.76,12.6,12.76,12.75,-0.02,-0.1569,0.0948,26639844,337603451.0,3.73651983454e+11,3.57760914434e+11
2017-12-19,'600000,浦发银行,12.75,12.76,12.62,12.65,12.65,0.1,0.7905,0.0655,18399603,233884666.0,3.74239025062e+11,3.58322989712e+11
2017-12-18,'600000,浦发银行,12.65,12.71,12.61,12.71,12.62,0.03,0.2377,0.0478,13445648,170140035.0,3.71303817022e+11,3.55512613322e+11
2017-12-15,'600000,浦发银行,12.62,12.73,12.61,12.69,12.69,-0.07,-0.5516,0.0577,16210108,205323767.0,3.7042325461e+11,3.54669500405e+11
2017-12-14,'600000,浦发银行,12.69,12.79,12.66,12.79,12.74,-0.05,-0.3925,0.0574,16141678,205219487.0,3.72477900238e+11,3.56636763878e+11
2017-12-13,'600000,浦发银行,12.74,12.81,12.63,12.8,12.75,-0.01,-0.0784,0.0688,19345338,246331123.0,3.73945504258e+11,3.58041952073e+11
2017-12-12,'600000,浦发银行,12.75,12.97,12.74,12.97,12.97,-0.22,-1.6962,0.1081,30370097,390113096.0,3.74239025062e+11,3.58322989712e+11
2017-12-11,'600000,浦发银行,12.97,13.04,12.85,12.92,12.93,0.04,0.3094,0.1304,36649902,474566888.0,3.80696482749e+11,3.6450581777e+11
2017-12-08,'600000,浦发银行,12.93,12.99,12.87,12.98,12.96,-0.03,-0.2315,0.1114,31296221,404411517.0,3.79522399533e+11,3.63381667214e+11
2017-12-07,'600000,浦发银行,12.96,13.03,12.91,12.95,12.96,0.0,0.0,0.1238,34802229,451233524.0,3.80402961945e+11,3.64224780131e+11
2017-12-06,'600000,浦发银行,12.96,13.16,12.91,13.12,13.17,-0.21,-1.5945,0.155,43564931,566372423.0,3.80402961945e+11,3.64224780131e+11
2017-12-05,'600000,浦发银行,13.17,13.27,12.91,12.92,12.92,0.25,1.935,0.4405,123796797,1623138207.0,3.86566898828e+11,3.7012657055e+11
2017-12-04,'600000,浦发银行,12.92,12.94,12.84,12.87,12.91,0.01,0.0775,0.1298,36479233,470155474.0,3.79228878729e+11,3.63100629575e+11
2017-12-01,'600000,浦发银行,12.91,12.95,12.81,12.93,12.91,0.0,0.0,0.1373,38577445,496330241.0,3.78935357925e+11,3.62819591936e+11
2017-11-30,'600000,浦发银行,12.91,12.95,12.8,12.91,12.94,-0.03,-0.2318,0.142,39916356,513785829.0,3.78935357925e+11,3.62819591936e+11
2017-11-29,'600000,浦发银行,12.94,13.04,12.81,12.95,12.94,0.0,0.0,0.1489,41846783,540439739.0,3.79815920337e+11,3.63662704853e+11
2017-11-28,'600000,浦发银行,12.94,13.07,12.92,13.03,13.1,-0.16,-1.2214,0.1211,34031908,441466983.0,3.79815920337e+11,3.63662704853e+11
2017-11-27,'600000,浦发银行,13.1,13.12,12.81,13.09,13.09,0.01,0.0764,0.282,79250273,1028510255.0,3.84512253201e+11,3.68159307077e+11
2017-11-24,'600000,浦发银行,13.09,13.18,12.93,13.11,13.06,0.03,0.2297,0.2121,59612483,777699709.0,3.84218732397e+11,3.67878269438e+11
2017-11-23,'600000,浦发银行,13.06,13.32,12.91,13.24,13.23,-0.17,-1.285,0.2915,81912602,1076890039.0,3.83338169985e+11,3.67035156521e+11
2017-11-22,'600000,浦发银行,13.23,13.44,13.0,13.0,12.94,0.29,2.2411,0.4077,114576266,1513356223.0,3.88328023652e+11,3.71812796384e+11
2017-11-21,'600000,浦发银行,12.94,13.17,12.75,12.81,12.85,0.09,0.7004,0.4134,116179412,1512638142.0,3.79815920337e+11,3.63662704853e+11
2017-11-20,'600000,浦发银行,12.85,12.86,12.61,12.7,12.78,0.07,0.5477,0.2188,61495420,783077227.0,3.77174233101e+11,3.61133366102e+11
2017-11-17,'600000,浦发银行,12.78,12.8,12.38,12.38,12.39,0.39,3.1477,0.389,109336535,1378873267.0,3.75119587474e+11,3.59166102629e+11
2017-11-16,'600000,浦发银行,12.39,12.57,12.38,12.57,12.6,-0.21,-1.6667,0.127,35680762,444238625.0,3.63672276119e+11,3.48205634709e+11
2017-11-15,'600000,浦发银行,12.6,12.63,12.55,12.6,12.6,0.0,0.0,0.0999,28076530,353327083.0,3.69836213002e+11,3.54107425127e+11
2017-11-14,'600000,浦发银行,12.6,12.77,12.58,12.76,12.8,-0.2,-1.5625,0.1201,33754928,426955935.0,3.69836213002e+11,3.54107425127e+11
2017-11-13,'600000,浦发银行,12.8,12.85,12.63,12.65,12.63,0.17,1.346,0.2776,78009337,996962275.0,3.75706629082e+11,3.59728177907e+11
2017-11-10,'600000,浦发银行,12.63,12.63,12.46,12.54,12.55,0.08,0.6375,0.1776,49925359,626756843.0,3.70716775414e+11,3.54950538044e+11
2017-11-09,'600000,浦发银行,12.55,12.63,12.53,12.57,12.58,-0.03,-0.2385,0.0621,17463373,219541345.0,3.68368608982e+11,3.52702236932e+11
2017-11-08,'600000,浦发银行,12.58,12.68,12.49,12.54,12.54,0.04,0.319,0.1321,37134146,468242270.0,3.69249171394e+11,3.53545349849e+11
2017-11-07,'600000,浦发银行,12.54,12.6,12.41,12.49,12.47,0.07,0.5613,0.1376,38677337,482986126.0,3.68075088178e+11,3.52421199293e+11
2017-11-06,'600000,浦发银行,12.47,12.56,12.45,12.56,12.58,-0.11,-0.8744,0.0712,20016827,249788208.0,3.66020442551e+11,3.50453935821e+11
2017-11-03,'600000,浦发银行,12.58,12.6,12.43,12.53,12.53,0.05,0.399,0.1169,32848169,411198265.0,3.69249171394e+11,3.53545349849e+11
2017-11-02,'600000,浦发银行,12.53,12.57,12.43,12.52,12.54,-0.01,-0.0797,0.1717,48267038,602955872.0,3.67781567374e+11,3.52140161654e+11
2017-11-01,'600000,浦发银行,12.54,12.72,12.53,12.63,12.61,-0.07,-0.5551,0.1259,35368712,446287606.0,3.68075088178e+11,3.52421199293e+11
2017-10-31,'600000,浦发银行,12.61,12.66,12.58,12.6,12.7,-0.09,-0.7087,0.0716,20120724,253737598.0,3.70129733806e+11,3.54388462766e+11
2017-10-30,'600000,浦发银行,12.7,12.84,12.59,12.84,12.85,-0.15,-1.1673,0.2658,74713617,947820344.0,3.72771421042e+11,3.56917801517e+11
2017-10-27,'600000,浦发银行,12.85,12.94,12.82,12.85,12.82,0.03,0.234,0.1163,32673820,420972314.0,3.77174233101e+11,3.61133366102e+11
2017-10-26,'600000,浦发银行,12.82,12.88,12.78,12.87,12.9,-0.08,-0.6202,0.0899,25275166,324110141.0,3.7629367069e+11,3.60290253185e+11
2017-10-25,'600000,浦发银行,12.9,12.94,12.82,12.86,12.86,0.04,0.311,0.0738,20743829,267109744.0,3.78641837121e+11,3.62538554297e+11
2017-10-24,'600000,浦发银行,12.86,12.95,12.82,12.84,12.84,0.02,0.1558,0.0969,27236042,350864968.0,3.77467753905e+11,3.61414403741e+11
2017-10-23,'600000,浦发银行,12.84,13.03,12.83,13.02,13.01,-0.17,-1.3067,0.1123,31563834,406941717.0,3.76880712297e+11,3.60852328463e+11
2017-10-20,'600000,浦发银行,13.01,13.1,13.01,13.09,13.13,-0.12,-0.9139,0.0613,17228409,224781272.0,3.81870565965e+11,3.65629968326e+11
2017-10-19,'600000,浦发银行,13.13,13.16,12.98,13.03,13.07,0.06,0.4591,0.1882,52881168,690607546.0,3.85392815613e+11,3.69002419994e+11
2017-10-18,'600000,浦发银行,13.07,13.1,12.93,12.99,12.99,0.08,0.6159,0.1618,45458736,592125606.0,3.83631690789e+11,3.6731619416e+11
2017-10-17,'600000,浦发银行,12.99,13.06,12.94,13.04,13.04,-0.05,-0.3834,0.0523,14692320,190770505.0,3.81283524357e+11,3.65067893048e+11
2017-10-16,'600000,浦发银行,13.04,13.06,12.94,12.98,12.94,0.1,0.7728,0.084,23611164,307206532.0,3.82751128377e+11,3.66473081243e+11
2017-10-13,'600000,浦发银行,12.94,13.08,12.92,13.01,13.05,-0.11,-0.8429,0.0742,20857578,271308478.0,3.79815920337e+11,3.63662704853e+11
2017-10-12,'600000,浦发银行,13.05,13.09,12.97,13.05,13.06,-0.01,-0.0766,0.0609,17125284,223204024.0,3.83044649181e+11,3.66754118882e+11
2017-10-11,'600000,浦发银行,13.06,13.11,13.03,13.08,13.1,-0.04,-0.3053,0.0666,18706308,244440298.0,3.83338169985e+11,3.67035156521e+11
2017-10-10,'600000,浦发银行,13.1,13.1,12.98,13.05,13.04,0.06,0.4601,0.0978,27493986,359114767.0,3.84512253201e+11,3.68159307077e+11
2017-10-09,'600000,浦发银行,13.04,13.29,13.0,13.27,12.87,0.17,1.3209,0.1856,52149081,684274104.0,3.82751128377e+11,3.66473081243e+11
2017-09-29,'600000,浦发银行,12.87,12.91,12.81,12.82,12.84,0.03,0.2336,0.0705,19822263,255341342.0,3.77761274709e+11,3.6169544138e+11
2017-09-28,'600000,浦发银行,12.84,12.88,12.77,12.85,12.85,-0.01,-0.0778,0.0858,24124934,309223171.0,3.76880712297e+11,3.60852328463e+11
2017-09-27,'600000,浦发银行,12.85,12.91,12.76,12.83,12.86,-0.01,-0.0778,0.0938,26374752,339097277.0,3.77174233101e+11,3.61133366102e+11
2017-09-26,'600000,浦发银行,12.86,12.93,12.85,12.89,12.94,-0.08,-0.6182,0.0789,22163311,285364898.0,3.77467753905e+11,3.61414403741e+11
2017-09-25,'600000,浦发银行,12.94,12.95,12.71,12.89,12.89,0.05,0.3879,0.1804,50687628,650703773.0,3.79815920337e+11,3.63662704853e+11
2017-09-22,'600000,浦发银行,12.89,12.92,12.79,12.84,12.87,0.02,0.1554,0.0861,24192687,311178548.0,3.78348316317e+11,3.62257516658e+11
2017-09-21,'600000,浦发银行,12.87,12.95,12.83,12.86,12.88,-0.01,-0.0776,0.0717,20140268,259643727.0,3.77761274709e+11,3.6169544138e+11
2017-09-20,'600000,浦发银行,12.88,12.93,12.83,12.88,12.9,-0.02,-0.155,0.0707,19867148,255856510.0,3.78054795513e+11,3.61976479019e+11
2017-09-19,'600000,浦发银行,12.9,12.95,12.82,12.93,12.91,-0.01,-0.0775,0.1074,30170124,388627660.0,3.78641837121e+11,3.62538554297e+11
2017-09-18,'600000,浦发银行,12.91,12.96,12.8,12.82,12.83,0.08,0.6235,0.1272,35747529,461032051.0,3.78935357925e+11,3.62819591936e+11
2017-09-15,'600000,浦发银行,12.83,12.86,12.75,12.82,12.85,-0.02,-0.1556,0.0885,24874312,318464945.0,3.76587191494e+11,3.60571290824e+11
2017-09-14,'600000,浦发银行,12.85,12.98,12.81,12.88,12.87,-0.02,-0.1554,0.086,24160832,311079246.0,3.77174233101e+11,3.61133366102e+11
2017-09-13,'600000,浦发银行,12.87,13.01,12.86,13.01,13.04,-0.17,-1.3037,0.1138,31972897,412327510.0,3.77761274709e+11,3.6169544138e+11
2017-09-12,'600000,浦发银行,13.04,13.04,12.91,13.0,12.99,0.05,0.3849,0.1815,51012322,661471546.0,3.82751128377e+11,3.66473081243e+11
2017-09-11,'600000,浦发银行,12.99,13.15,12.95,13.15,13.03,-0.04,-0.307,0.1859,52234735,683194002.0,3.81283524357e+11,3.65067893048e+11
2017-09-08,'600000,浦发银行,13.03,13.12,12.83,12.85,12.85,0.18,1.4008,0.2305,64778087,842285784.0,3.82457607573e+11,3.66192043604e+11
2017-09-07,'600000,浦发银行,12.85,13.02,12.82,12.94,12.96,-0.11,-0.8488,0.136,38224782,494212416.0,3.77174233101e+11,3.61133366102e+11
2017-09-06,'600000,浦发银行,12.96,13.05,12.9,12.99,13.03,-0.07,-0.5372,0.1204,33823576,438219617.0,3.80402961945e+11,3.64224780131e+11
2017-09-05,'600000,浦发银行,13.03,13.09,12.78,12.78,12.78,0.25,1.9562,0.2615,73493027,954528907.0,3.66192043604e+11,3.66192043604e+11
2017-09-04,'600000,浦发银行,12.78,12.84,12.65,12.78,12.77,0.01,0.0783,0.1269,35667447,454951467.0,3.59166102629e+11,3.59166102629e+11
2017-09-01,'600000,浦发银行,12.77,12.87,12.68,12.68,12.71,0.06,0.4721,0.1397,39264131,501796405.0,3.5888506499e+11,3.5888506499e+11
2017-08-31,'600000,浦发银行,12.71,12.84,12.65,12.83,12.87,-0.16,-1.2432,0.1594,44790313,570138136.0,3.57198839156e+11,3.57198839156e+11
2017-08-30,'600000,浦发银行,12.87,12.98,12.82,12.91,12.96,-0.09,-0.6944,0.2152,60479990,779708165.0,3.6169544138e+11,3.6169544138e+11
2017-08-29,'600000,浦发银行,12.96,12.98,12.77,12.85,12.89,0.07,0.5431,0.2137,60063956,772995364.0,3.64224780131e+11,3.64224780131e+11
2017-08-28,'600000,浦发银行,12.89,12.96,12.75,12.83,12.78,0.11,0.8607,0.3705,104113170,1339965987.0,3.62257516658e+11,3.62257516658e+11
2017-08-25,'600000,浦发银行,12.78,12.8,12.47,12.47,12.47,0.31,2.486,0.518,145590666,1842766907.0,3.59166102629e+11,3.59166102629e+11
2017-08-24,'600000,浦发银行,12.47,12.66,12.45,12.58,12.57,-0.1,-0.7955,0.2212,62153175,779043383.0,3.50453935821e+11,3.50453935821e+11
2017-08-23,'600000,浦发银行,12.57,12.66,12.41,12.44,12.43,0.14,1.1263,0.3447,96871587,1215804709.0,3.5326431221e+11,3.5326431221e+11
2017-08-22,'600000,浦发银行,12.43,12.53,12.41,12.51,12.51,-0.08,-0.6395,0.2093,58829999,731959991.0,3.49329785265e+11,3.49329785265e+11
2017-08-21,'600000,浦发银行,12.51,12.57,12.46,12.5,12.51,0.0,0.0,0.1203,33810237,422478328.0,3.51578086376e+11,3.51578086376e+11
2017-08-18,'600000,浦发银行,12.51,12.57,12.46,12.5,12.53,-0.02,-0.1596,0.128,35976632,450071386.0,3.51578086376e+11,3.51578086376e+11
2017-08-17,'600000,浦发银行,12.53,12.55,12.47,12.49,12.49,0.04,0.3203,0.1391,39091156,488847378.0,3.52140161654e+11,3.52140161654e+11
2017-08-16,'600000,浦发银行,12.49,12.56,12.47,12.56,12.59,-0.1,-0.7943,0.1206,33886531,423706578.0,3.51016011099e+11,3.51016011099e+11
2017-08-15,'600000,浦发银行,12.59,12.76,12.56,12.58,12.56,0.03,0.2389,0.2227,62591905,792887783.0,3.53826387488e+11,3.53826387488e+11
2017-08-14,'600000,浦发银行,12.56,12.63,12.52,12.62,12.68,-0.12,-0.9464,0.1621,45562027,572465225.0,3.52983274571e+11,3.52983274571e+11
2017-08-11,'600000,浦发银行,12.68,12.73,12.46,12.72,12.79,-0.11,-0.86,0.3163,88890056,1118537328.0,3.56355726239e+11,3.56355726239e+11
2017-08-10,'600000,浦发银行,12.79,12.88,12.7,12.74,12.76,0.03,0.2351,0.1568,44056044,563372040.0,3.59447140268e+11,3.59447140268e+11
2017-08-09,'600000,浦发银行,12.76,12.88,12.75,12.84,12.87,-0.11,-0.8547,0.1149,32303821,413575784.0,3.58604027351e+11,3.58604027351e+11
2017-08-08,'600000,浦发银行,12.87,12.93,12.83,12.91,12.93,-0.06,-0.464,0.0839,23570298,303469941.0,3.6169544138e+11,3.6169544138e+11
2017-08-07,'600000,浦发银行,12.93,12.95,12.83,12.87,12.87,0.06,0.4662,0.1051,29528429,380518686.0,3.63381667214e+11,3.63381667214e+11
2017-08-04,'600000,浦发银行,12.87,13.1,12.85,13.09,13.08,-0.21,-1.6055,0.2248,63181971,818014678.0,3.6169544138e+11,3.6169544138e+11
2017-08-03,'600000,浦发银行,13.08,13.42,13.04,13.42,13.44,-0.36,-2.6786,0.2796,78581867,1036842141.0,3.67597231799e+11,3.67597231799e+11
2017-08-02,'600000,浦发银行,13.44,13.6,13.39,13.44,13.43,0.01,0.0745,0.2193,61644148,830433621.0,3.77714586803e+11,3.77714586803e+11
2017-08-01,'600000,浦发银行,13.43,13.49,13.32,13.42,13.36,0.07,0.524,0.2284,64198064,860914609.0,3.77433549164e+11,3.77433549164e+11
2017-07-31,'600000,浦发银行,13.36,13.52,13.31,13.45,13.47,-0.11,-0.8166,0.1604,45083081,602638872.0,3.75466285691e+11,3.75466285691e+11
2017-07-28,'600000,浦发银行,13.47,13.49,13.3,13.37,13.38,0.09,0.6726,0.0888,24954961,334111573.0,3.7855769972e+11,3.7855769972e+11
2017-07-27,'600000,浦发银行,13.38,13.47,13.28,13.38,13.38,0.0,0.0,0.1196,33612097,449548317.0,3.76028360969e+11,3.76028360969e+11
2017-07-26,'600000,浦发银行,13.38,13.7,13.36,13.45,13.51,-0.13,-0.9623,0.2046,57495388,775489074.0,3.76028360969e+11,3.76028360969e+11
2017-07-25,'600000,浦发银行,13.51,13.75,13.41,13.62,13.67,-0.16,-1.1704,0.2081,58478099,795769078.0,3.79681850275e+11,3.79681850275e+11
2017-07-24,'600000,浦发银行,13.67,13.74,13.36,13.45,13.45,0.22,1.6357,0.2342,65820954,892033686.0,3.84178452499e+11,3.84178452499e+11
2017-07-21,'600000,浦发银行,13.45,13.63,13.38,13.61,13.62,-0.17,-1.2482,0.186,52272375,702999237.0,3.77995624442e+11,3.77995624442e+11
2017-07-20,'600000,浦发银行,13.62,13.7,13.53,13.67,13.69,-0.07,-0.5113,0.1424,40017492,544175215.0,3.82773264304e+11,3.82773264304e+11
2017-07-19,'600000,浦发银行,13.69,13.78,13.48,13.56,13.55,0.14,1.0332,0.2352,66108709,900014392.0,3.84740527777e+11,3.84740527777e+11
2017-07-18,'600000,浦发银行,13.55,13.72,13.4,13.65,13.76,-0.21,-1.5262,0.2487,69895876,946717556.0,3.80806000831e+11,3.80806000831e+11
2017-07-17,'600000,浦发银行,13.76,14.02,13.28,13.62,13.59,0.17,1.2509,0.6357,178661221,2448349167.0,3.8670779125e+11,3.8670779125e+11
2017-07-14,'600000,浦发银行,13.59,13.8,13.34,13.34,13.27,0.32,2.4115,0.5226,146865370,1991795315.0,3.81930151387e+11,3.81930151387e+11
2017-07-13,'600000,浦发银行,13.27,13.29,12.77,12.82,12.86,0.41,3.1882,0.3922,110219238,1436784310.0,3.7293694694e+11,3.7293694694e+11
2017-07-12,'600000,浦发银行,12.86,13.06,12.74,12.8,12.8,0.06,0.4688,0.2863,80469025,1039614032.0,3.61414403741e+11,3.61414403741e+11
2017-07-11,'600000,浦发银行,12.8,12.94,12.51,12.51,12.53,0.27,2.1548,0.3446,96835349,1238626601.0,3.59728177907e+11,3.59728177907e+11
2017-07-10,'600000,浦发银行,12.53,12.64,12.52,12.59,12.6,-0.07,-0.5556,0.094,26411530,331940512.0,3.52140161654e+11,3.52140161654e+11
2017-07-07,'600000,浦发银行,12.6,12.69,12.55,12.62,12.66,-0.06,-0.4739,0.0878,24667294,311101536.0,3.54107425127e+11,3.54107425127e+11
2017-07-06,'600000,浦发银行,12.66,12.72,12.51,12.62,12.62,0.04,0.317,0.1331,37414241,471582088.0,3.55793650961e+11,3.55793650961e+11
2017-07-05,'600000,浦发银行,12.62,12.65,12.47,12.5,12.55,0.07,0.5578,0.0942,26470507,332542458.0,3.54669500405e+11,3.54669500405e+11
2017-07-04,'600000,浦发银行,12.55,12.58,12.41,12.55,12.56,-0.01,-0.0796,0.1304,36659128,458434427.0,3.52702236932e+11,3.52702236932e+11
2017-07-03,'600000,浦发银行,12.56,12.65,12.47,12.64,12.65,-0.09,-0.7115,0.138,38778949,486264674.0,3.52983274571e+11,3.52983274571e+11
2017-06-30,'600000,浦发银行,12.65,12.73,12.59,12.7,12.76,-0.11,-0.8621,0.1301,36566479,462244023.0,3.55512613322e+11,3.55512613322e+11
2017-06-29,'600000,浦发银行,12.76,12.86,12.7,12.81,12.79,-0.03,-0.2346,0.1388,38994542,497489975.0,3.58604027351e+11,3.58604027351e+11
2017-06-28,'600000,浦发银行,12.79,12.91,12.6,12.66,12.7,0.09,0.7087,0.2681,75349557,963202799.0,3.59447140268e+11,3.59447140268e+11
2017-06-27,'600000,浦发银行,12.7,12.73,12.53,12.64,12.64,0.06,0.4747,0.1661,46687475,589020019.0,3.56917801517e+11,3.56917801517e+11
2017-06-26,'600000,浦发银行,12.64,12.82,12.55,12.64,12.64,0.0,0.0,0.2153,60509162,766551256.0,3.55231575683e+11,3.55231575683e+11
2017-06-23,'600000,浦发银行,12.64,12.65,12.36,12.55,12.57,0.07,0.5569,0.244,68579079,858095944.0,3.55231575683e+11,3.55231575683e+11
2017-06-22,'600000,浦发银行,12.57,12.84,12.29,12.33,12.34,0.23,1.8639,0.3923,110259441,1392278622.0,3.5326431221e+11,3.5326431221e+11
2017-06-21,'600000,浦发银行,12.34,12.4,12.26,12.4,12.29,0.05,0.4068,0.121,34000062,418820218.0,3.46800446514e+11,3.46800446514e+11
2017-06-20,'600000,浦发银行,12.29,12.44,12.22,12.41,12.4,-0.11,-0.8871,0.1589,44645196,548932358.0,3.45395258319e+11,3.45395258319e+11
2017-06-19,'600000,浦发银行,12.4,12.43,12.3,12.36,12.35,0.05,0.4049,0.1172,32941278,407834844.0,3.48486672348e+11,3.48486672348e+11
2017-06-16,'600000,浦发银行,12.35,12.46,12.27,12.38,12.38,-0.03,-0.2423,0.1685,47351062,586081485.0,3.47081484153e+11,3.47081484153e+11
2017-06-15,'600000,浦发银行,12.38,12.46,12.28,12.41,12.46,-0.08,-0.6421,0.1334,37492860,462612620.0,3.4792459707e+11,3.4792459707e+11
2017-06-14,'600000,浦发银行,12.46,12.64,12.31,12.6,12.59,-0.13,-1.0326,0.1968,55306982,687620409.0,3.50172898182e+11,3.50172898182e+11
2017-06-13,'600000,浦发银行,12.59,12.78,12.56,12.78,12.78,-0.19,-1.4867,0.1876,52716070,665205801.0,3.53826387488e+11,3.53826387488e+11
2017-06-12,'600000,浦发银行,12.78,13.14,12.76,12.9,12.93,-0.15,-1.1601,0.2631,73931192,955965931.0,3.59166102629e+11,3.59166102629e+11
2017-06-09,'600000,浦发银行,12.93,13.2,12.77,12.79,12.84,0.09,0.7009,0.4072,114434319,1489264558.0,3.63381667214e+11,3.63381667214e+11
2017-06-08,'600000,浦发银行,12.84,12.86,12.67,12.76,12.84,0.0,0.0,0.1715,48194843,615876297.0,3.60852328463e+11,3.60852328463e+11
2017-06-07,'600000,浦发银行,12.84,12.99,12.78,12.81,12.8,0.04,0.3125,0.2291,64395191,827766620.0,3.60852328463e+11,3.60852328463e+11
2017-06-06,'600000,浦发银行,12.8,12.84,12.66,12.8,12.85,-0.05,-0.3891,0.1285,36104406,460469437.0,3.59728177907e+11,3.59728177907e+11
2017-06-05,'600000,浦发银行,12.85,12.88,12.51,12.79,12.89,-0.04,-0.3103,0.27,75876475,963227274.0,3.61133366102e+11,3.61133366102e+11
2017-06-02,'600000,浦发银行,12.89,13.01,12.74,12.93,12.92,-0.03,-0.2322,0.2854,80197701,1034450236.0,3.62257516658e+11,3.62257516658e+11
2017-06-01,'600000,浦发银行,12.92,12.97,12.69,12.78,12.84,0.08,0.6231,0.3424,96217055,1235216028.0,3.63100629575e+11,3.63100629575e+11
2017-05-31,'600000,浦发银行,12.84,13.05,12.66,12.75,12.84,0.0,0.0,0.4021,113009809,1450286642.0,3.60852328463e+11,3.60852328463e+11
2017-05-26,'600000,浦发银行,12.84,12.91,12.54,12.81,12.93,-0.09,-0.6961,0.6279,176456630,2246593329.0,3.60852328463e+11,3.60852328463e+11
2017-05-25,'600000,DR浦发银,12.93,12.93,11.72,11.75,11.75,1.18,10.0426,0.7913,222373433,2803027082.0,3.63381667214e+11,3.63381667214e+11
2017-05-24,'600000,浦发银行,15.47,15.52,15.21,15.38,15.43,0.04,0.2592,0.3258,70439028,1081376996.0,3.34434790393e+11,3.34434790393e+11
2017-05-23,'600000,浦发银行,15.43,15.57,14.98,15.0,15.04,0.39,2.5931,0.3488,75400428,1154524439.0,3.33570059196e+11,3.33570059196e+11
2017-05-22,'600000,浦发银行,15.04,15.06,14.93,15.02,15.02,0.02,0.1332,0.1398,30227245,453230616.0,3.25138930027e+11,3.25138930027e+11
2017-05-19,'600000,浦发银行,15.02,15.08,14.91,15.04,15.01,0.01,0.0666,0.1323,28610626,428236200.0,3.24706564428e+11,3.24706564428e+11
2017-05-18,'600000,浦发银行,15.01,15.14,14.95,15.1,15.21,-0.2,-1.3149,0.1418,30657927,460669387.0,3.24490381629e+11,3.24490381629e+11
2017-05-17,'600000,浦发银行,15.21,15.26,15.07,15.24,15.27,-0.06,-0.3929,0.1547,33434411,505883672.0,3.28814037614e+11,3.28814037614e+11
2017-05-16,'600000,浦发银行,15.27,15.29,15.08,15.23,15.27,0.0,0.0,0.1151,24875396,377908567.0,3.30111134409e+11,3.30111134409e+11
2017-05-15,'600000,浦发银行,15.27,15.43,15.16,15.27,15.21,0.06,0.3945,0.1386,29965820,458298668.0,3.30111134409e+11,3.30111134409e+11
2017-05-12,'600000,浦发银行,15.21,15.23,14.73,14.75,14.75,0.46,3.1186,0.2115,45733426,687468466.0,3.28814037614e+11,3.28814037614e+11
2017-05-11,'600000,浦发银行,14.75,14.79,14.55,14.57,14.61,0.14,0.9582,0.1263,27312908,400313949.0,3.1886962885e+11,3.1886962885e+11
2017-05-10,'600000,浦发银行,14.61,14.85,14.55,14.76,14.76,-0.15,-1.0163,0.1312,28359413,418201400.0,3.1584306966e+11,3.1584306966e+11
2017-05-09,'600000,浦发银行,14.76,14.84,14.66,14.69,14.86,-0.1,-0.6729,0.0889,19225492,283864640.0,3.19085811649e+11,3.19085811649e+11
2017-05-08,'600000,浦发银行,14.86,14.9,14.51,14.78,14.92,-0.06,-0.4021,0.2015,43568576,638781010.0,3.21247639641e+11,3.21247639641e+11
2017-05-05,'600000,浦发银行,14.92,14.98,14.52,14.95,14.98,-0.06,-0.4005,0.1859,40194577,592160198.0,3.22544736436e+11,3.22544736436e+11
2017-05-04,'600000,浦发银行,14.98,15.07,14.9,15.07,15.08,-0.1,-0.6631,0.0901,19477788,291839737.0,3.23841833232e+11,3.23841833232e+11
2017-05-03,'600000,浦发银行,15.08,15.16,15.05,15.16,15.16,-0.08,-0.5277,0.0659,14247943,215130847.0,3.26003661224e+11,3.26003661224e+11
2017-05-02,'600000,浦发银行,15.16,15.22,15.13,15.21,15.21,-0.05,-0.3287,0.0583,12607509,191225527.0,3.27733123618e+11,3.27733123618e+11
2017-04-28,'600000,浦发银行,15.21,15.22,15.08,15.15,15.21,0.0,0.0,0.0727,15718509,238419161.0,3.28814037614e+11,3.28814037614e+11
2017-04-27,'600000,浦发银行,15.21,15.25,15.03,15.05,15.05,0.16,1.0631,0.1059,22887645,345791526.0,3.28814037614e+11,3.28814037614e+11
2017-04-26,'600000,浦发银行,15.05,15.11,15.0,15.06,15.05,0.0,0.0,0.0691,14939871,225022668.0,3.25355112826e+11,3.25355112826e+11
2017-04-25,'600000,浦发银行,15.05,15.1,14.99,15.02,15.0,0.05,0.3333,0.06,12975919,195296862.0,3.25355112826e+11,3.25355112826e+11
2017-04-24,'600000,浦发银行,15.0,15.11,14.91,15.05,15.05,-0.05,-0.3322,0.0815,17627803,264649933.0,3.2427419883e+11,3.2427419883e+11
2017-04-21,'600000,浦发银行,15.05,15.07,14.85,14.92,14.91,0.14,0.939,0.1049,22688358,340453104.0,3.25355112826e+11,3.25355112826e+11
2017-04-20,'600000,浦发银行,14.91,15.14,14.9,15.12,15.11,-0.2,-1.3236,0.1899,41061406,614436383.0,3.22328553637e+11,3.22328553637e+11
2017-04-19,'600000,浦发银行,15.11,15.27,15.11,15.25,15.3,-0.19,-1.2418,0.1131,24455407,371021507.0,3.26652209621e+11,3.26652209621e+11
2017-04-18,'600000,浦发银行,15.3,15.52,15.3,15.5,15.56,-0.26,-1.671,0.1059,22889980,351624622.0,3.30759682807e+11,3.30759682807e+11
2017-04-17,'600000,浦发银行,15.56,15.6,15.3,15.53,15.51,0.05,0.3224,0.1699,36739448,566536789.0,3.36380435586e+11,3.36380435586e+11
2017-04-14,'600000,浦发银行,15.51,15.78,15.42,15.76,15.75,-0.24,-1.5238,0.1858,40156553,625510632.0,3.3529952159e+11,3.3529952159e+11
2017-04-13,'600000,浦发银行,15.75,15.89,15.73,15.88,15.89,-0.14,-0.8811,0.1084,23426650,369388222.0,3.40487908772e+11,3.40487908772e+11
2017-04-12,'600000,浦发银行,15.89,15.96,15.75,15.88,15.89,0.0,0.0,0.1027,22210541,352357729.0,3.43514467961e+11,3.43514467961e+11
2017-04-11,'600000,浦发银行,15.89,15.99,15.81,15.97,15.97,-0.08,-0.5009,0.0861,18611375,295381671.0,3.43514467961e+11,3.43514467961e+11
2017-04-10,'600000,浦发银行,15.97,16.12,15.94,16.12,16.1,-0.13,-0.8075,0.0747,16154024,258662668.0,3.45243930354e+11,3.45243930354e+11
2017-04-07,'600000,浦发银行,16.1,16.16,16.02,16.06,16.1,0.0,0.0,0.0931,20126948,323821647.0,3.48054306744e+11,3.48054306744e+11
2017-04-06,'600000,浦发银行,16.1,16.18,16.03,16.09,16.16,-0.06,-0.3713,0.1033,22335442,359361840.0,3.48054306744e+11,3.48054306744e+11
2017-04-05,'600000,浦发银行,16.16,16.2,15.89,16.05,16.01,0.15,0.9369,0.1436,31036271,499121565.0,3.4935140354e+11,3.4935140354e+11
2017-03-31,'600000,浦发银行,16.01,16.05,15.77,15.78,15.81,0.2,1.265,0.1119,24187120,385793421.0,3.46108661551e+11,3.46108661551e+11
2017-03-30,'600000,浦发银行,15.81,15.9,15.72,15.88,15.87,-0.06,-0.3781,0.1094,23645144,373665115.0,3.41785005567e+11,3.41785005567e+11
2017-03-29,'600000,浦发银行,15.87,16.11,15.8,16.01,16.01,-0.14,-0.8745,0.1085,23446792,372794465.0,3.43082102362e+11,3.43082102362e+11
2017-03-28,'600000,浦发银行,16.01,16.13,15.97,16.11,16.04,-0.03,-0.187,0.0611,13212969,211750766.0,3.46108661551e+11,3.46108661551e+11
2017-03-27,'600000,浦发银行,16.04,16.13,15.9,15.97,15.96,0.08,0.5013,0.0879,18997369,304990151.0,3.46757209949e+11,3.46757209949e+11
2017-03-24,'600000,浦发银行,15.96,16.0,15.83,15.85,15.88,0.08,0.5038,0.0921,19902006,316984958.0,3.45027747555e+11,3.45027747555e+11
2017-03-23,'600000,浦发银行,15.88,15.92,15.79,15.8,15.78,0.1,0.6337,0.1028,22225660,352635979.0,3.43298285161e+11,3.43298285161e+11
2017-03-22,'600000,浦发银行,15.78,15.98,15.7,15.98,16.0,-0.22,-1.375,0.2027,43811429,691677895.0,3.41136457169e+11,3.41136457169e+11
2017-03-21,'600000,浦发银行,16.0,16.16,15.98,16.15,16.14,-0.14,-0.8674,0.144,31124617,499206643.0,3.45892478752e+11,3.45892478752e+11
2017-03-20,'600000,浦发银行,16.14,16.25,16.13,16.24,16.2,-0.06,-0.3704,0.0695,15017806,242775930.0,3.48919037941e+11,3.48919037941e+11
2017-03-17,'600000,浦发银行,16.2,16.32,16.14,16.3,16.29,-0.09,-0.5525,0.1051,21560354,350179470.0,3.50216134736e+11,3.32404860623e+11
2017-03-16,'600000,浦发银行,16.29,16.35,16.25,16.27,16.24,0.05,0.3079,0.0928,19036545,310417986.0,3.52161779929e+11,3.34251554294e+11
2017-03-15,'600000,浦发银行,16.24,16.28,16.17,16.24,16.26,-0.02,-0.123,0.0921,18900324,306175990.0,3.51080865933e+11,3.33225613366e+11
2017-03-14,'600000,浦发银行,16.26,16.35,16.24,16.34,16.34,-0.08,-0.4896,0.0828,16988979,276642688.0,3.51513231532e+11,3.33635989737e+11
2017-03-13,'600000,浦发银行,16.34,16.34,16.16,16.23,16.23,0.11,0.6778,0.0875,17950147,291999358.0,3.53242693925e+11,3.35277495221e+11
2017-03-10,'600000,浦发银行,16.23,16.28,16.17,16.23,16.22,0.01,0.0617,0.0799,16396375,265663459.0,3.50864683134e+11,3.3302042518e+11
2017-03-09,'600000,浦发银行,16.22,16.4,16.22,16.37,16.39,-0.17,-1.0372,0.0846,17366025,282644706.0,3.50648500335e+11,3.32815236995e+11
2017-03-08,'600000,浦发银行,16.39,16.44,16.35,16.4,16.43,-0.04,-0.2435,0.0493,10109647,165715073.0,3.54323607922e+11,3.36303436149e+11
2017-03-07,'600000,浦发银行,16.43,16.45,16.37,16.38,16.41,0.02,0.1219,0.0454,9319842,152969168.0,3.55188339118e+11,3.37124188892e+11
2017-03-06,'600000,浦发银行,16.41,16.53,16.35,16.37,16.35,0.06,0.367,0.0765,15703751,258165904.0,3.5475597352e+11,3.3671381252e+11
2017-03-03,'600000,浦发银行,16.35,16.43,16.32,16.42,16.41,-0.06,-0.3656,0.0606,12429467,203315662.0,3.53458876725e+11,3.35482683407e+11
2017-03-02,'600000,浦发银行,16.41,16.62,16.39,16.62,16.56,-0.15,-0.9058,0.0926,18996632,312626391.0,3.5475597352e+11,3.3671381252e+11
2017-03-01,'600000,浦发银行,16.56,16.62,16.52,16.58,16.59,-0.03,-0.1808,0.0791,16226984,268840218.0,3.57998715508e+11,3.39791635304e+11
2017-02-28,'600000,浦发银行,16.59,16.67,16.53,16.58,16.59,0.0,0.0,0.059,12097943,200661656.0,3.58647263906e+11,3.40407199861e+11
2017-02-27,'600000,浦发银行,16.59,16.72,16.53,16.69,16.71,-0.12,-0.7181,0.0669,13732273,228302043.0,3.58647263906e+11,3.40407199861e+11
2017-02-24,'600000,浦发银行,16.71,16.75,16.66,16.67,16.69,0.02,0.1198,0.0565,11594971,193610637.0,3.61241457497e+11,3.42869458087e+11
2017-02-23,'600000,浦发银行,16.69,16.83,16.64,16.78,16.75,-0.06,-0.3582,0.0732,15011148,250909254.0,3.60809091898e+11,3.42459081716e+11
2017-02-22,'600000,浦发银行,16.75,16.9,16.73,16.88,16.88,-0.13,-0.7701,0.083,17032277,285870629.0,3.62106188694e+11,3.4369021083e+11
2017-02-21,'600000,浦发银行,16.88,17.08,16.81,16.88,16.91,-0.03,-0.1774,0.0853,17509118,296489045.0,3.64916565083e+11,3.46357657242e+11
2017-02-20,'600000,浦发银行,16.91,16.98,16.62,16.62,16.64,0.27,1.6226,0.146,29949984,503858485.0,3.65565113481e+11,3.46973221799e+11
2017-02-17,'600000,浦发银行,16.64,16.82,16.59,16.78,16.78,-0.14,-0.8343,0.0676,13863642,231623672.0,3.59728177902e+11,3.41433140788e+11
2017-02-16,'600000,浦发银行,16.78,16.91,16.76,16.88,16.84,-0.06,-0.3563,0.0796,16327832,274241728.0,3.62754737091e+11,3.44305775386e+11
2017-02-15,'600000,浦发银行,16.84,16.93,16.75,16.82,16.75,0.09,0.5373,0.1252,25688032,433573962.0,3.64051833886e+11,3.455369045e+11
2017-02-14,'600000,浦发银行,16.75,16.88,16.74,16.87,16.85,-0.1,-0.5935,0.0633,12987235,217924152.0,3.62106188694e+11,3.4369021083e+11
2017-02-13,'600000,浦发银行,16.85,16.9,16.78,16.88,16.78,0.07,0.4172,0.0974,19992872,336932200.0,3.64268016686e+11,3.45742092685e+11
2017-02-10,'600000,浦发银行,16.78,16.84,16.7,16.76,16.72,0.06,0.3589,0.0682,13985262,234489132.0,3.62754737091e+11,3.44305775386e+11
2017-02-09,'600000,浦发银行,16.72,16.77,16.59,16.68,16.67,0.05,0.2999,0.0555,11393034,190339364.0,3.61457640296e+11,3.43074646273e+11
2017-02-08,'600000,浦发银行,16.67,16.69,16.54,16.63,16.67,0.0,0.0,0.0548,11238867,186815177.0,3.603767263e+11,3.42048705345e+11
2017-02-07,'600000,浦发银行,16.67,16.74,16.63,16.65,16.66,0.01,0.06,0.0719,14759284,246037892.0,3.603767263e+11,3.42048705345e+11
2017-02-06,'600000,浦发银行,16.66,16.78,16.66,16.75,16.63,0.03,0.1804,0.0656,13455850,225037394.0,3.60160543501e+11,3.4184351716e+11
2017-02-03,'600000,浦发银行,16.63,16.85,16.62,16.82,16.74,-0.11,-0.6571,0.0398,8174289,136532939.0,3.59511995103e+11,3.41227952603e+11
2017-01-26,'600000,浦发银行,16.74,16.84,16.61,16.69,16.69,0.05,0.2996,0.0419,8602907,144343272.0,3.61890005894e+11,3.43485022644e+11
2017-01-25,'600000,浦发银行,16.69,16.74,16.61,16.69,16.69,0.0,0.0,0.055,11284869,188172530.0,3.60809091898e+11,3.42459081716e+11
2017-01-24,'600000,浦发银行,16.69,16.7,16.58,16.58,16.57,0.12,0.7242,0.073,14985241,249503391.0,3.60809091898e+11,3.42459081716e+11
2017-01-23,'600000,浦发银行,16.57,16.69,16.51,16.66,16.6,-0.03,-0.1807,0.0712,14616540,242945923.0,3.58214898308e+11,3.39996823489e+11
2017-01-20,'600000,浦发银行,16.6,16.66,16.5,16.58,16.54,0.06,0.3628,0.0696,14288268,236958622.0,3.58863446705e+11,3.40612388046e+11
2017-01-19,'600000,浦发银行,16.54,16.64,16.43,16.43,16.48,0.06,0.3641,0.0594,12180687,201675871.0,3.5756634991e+11,3.39381258933e+11
2017-01-18,'600000,浦发银行,16.48,16.55,16.36,16.42,16.4,0.08,0.4878,0.0559,11478663,189191354.0,3.56269253115e+11,3.38150129819e+11
2017-01-17,'600000,浦发银行,16.4,16.54,16.37,16.46,16.56,-0.16,-0.9662,0.0612,12555292,206230538.0,3.54539790721e+11,3.36508624335e+11
2017-01-16,'600000,浦发银行,16.56,16.6,16.1,16.23,16.27,0.29,1.7824,0.2598,53304724,876414508.0,3.57998715508e+11,3.39791635304e+11
2017-01-13,'600000,浦发银行,16.27,16.29,16.1,16.1,16.12,0.15,0.9305,0.0928,19034143,308468975.0,3.51729414331e+11,3.33841177922e+11
2017-01-12,'600000,浦发银行,16.12,16.2,16.11,16.18,16.16,-0.04,-0.2475,0.0404,8296150,134057682.0,3.48486672343e+11,3.30763355139e+11
2017-01-11,'600000,浦发银行,16.16,16.24,16.15,16.24,16.19,-0.03,-0.1853,0.0448,9193332,148793816.0,3.4935140354e+11,3.31584107881e+11
2017-01-10,'600000,浦发银行,16.19,16.24,16.14,16.18,16.2,-0.01,-0.0617,0.039,7996756,129458363.0,3.49999951937e+11,3.32199672438e+11
2017-01-09,'600000,浦发银行,16.2,16.29,16.13,16.24,16.18,0.02,0.1236,0.0727,14908745,241579598.0,3.50216134736e+11,3.32404860623e+11
2017-01-06,'600000,浦发银行,16.18,16.3,16.13,16.3,16.3,-0.12,-0.7362,0.0838,17195598,278864536.0,3.49783769138e+11,3.31994484252e+11
2017-01-05,'600000,浦发银行,16.3,16.38,16.24,16.3,16.33,-0.03,-0.1837,0.1288,26437646,431449126.0,3.52377962729e+11,3.34456742479e+11
2017-01-04,'600000,浦发银行,16.33,16.35,16.18,16.29,16.3,0.03,0.184,0.1445,29658734,482612222.0,3.53026511126e+11,3.35072307036e+11
2017-01-03,'600000,浦发银行,16.3,16.44,16.17,16.21,16.21,0.09,0.5552,0.0791,16237125,265043268.0,3.52377962729e+11,3.34456742479e+11
2016-12-30,'600000,浦发银行,16.21,16.23,16.04,16.07,16.07,0.14,0.8712,0.0598,12262167,197653917.0,3.50432317536e+11,3.32610048809e+11
2016-12-29,'600000,浦发银行,16.07,16.15,15.99,16.09,16.09,-0.02,-0.1243,0.0578,11851308,190400022.0,3.47405758347e+11,3.29737414211e+11
2016-12-28,'600000,浦发银行,16.09,16.19,16.03,16.14,16.14,-0.05,-0.3098,0.0704,14441526,232406679.0,3.47838123945e+11,3.30147790582e+11
2016-12-27,'600000,浦发银行,16.14,16.32,16.13,16.25,16.25,-0.11,-0.6769,0.052,10665824,172900199.0,3.48919037941e+11,3.3117373151e+11
2016-12-26,'600000,浦发银行,16.25,16.28,16.01,16.13,16.19,0.06,0.3706,0.0706,14482456,233999583.0,3.51297048732e+11,3.33430801551e+11
2016-12-23,'600000,浦发银行,16.19,16.22,16.07,16.17,16.19,0.0,0.0,0.0545,11187906,180365980.0,3.49999951937e+11,3.32199672438e+11
2016-12-22,'600000,浦发银行,16.19,16.33,16.14,16.32,16.32,-0.13,-0.7966,0.056,11499190,186428629.0,3.49999951937e+11,3.32199672438e+11
2016-12-21,'600000,浦发银行,16.32,16.37,16.25,16.26,16.28,0.04,0.2457,0.0616,12638809,206022869.0,3.52810328327e+11,3.3486711885e+11
2016-12-20,'600000,浦发银行,16.28,16.56,16.12,16.52,16.52,-0.24,-1.4528,0.1098,22525817,366213562.0,3.5194559713e+11,3.34046366108e+11
2016-12-19,'600000,浦发银行,16.52,16.7,16.51,16.65,16.66,-0.14,-0.8403,0.0413,8483493,140430889.0,3.57133984311e+11,3.38970882562e+11
2016-12-16,'600000,浦发银行,16.66,16.83,16.63,16.7,16.7,-0.04,-0.2395,0.0708,14531366,242842108.0,3.60160543501e+11,3.4184351716e+11
2016-12-15,'600000,浦发银行,16.7,17.13,16.7,17.13,17.18,-0.48,-2.7939,0.1502,30809613,517398943.0,3.61025274697e+11,3.42664269902e+11
2016-12-14,'600000,浦发银行,17.18,17.42,17.12,17.17,17.17,0.01,0.0582,0.087,17860552,309185673.0,3.7140204906e+11,3.52513302809e+11
2016-12-13,'600000,浦发银行,17.17,17.44,17.16,17.36,17.49,-0.32,-1.8296,0.076,15602869,270112439.0,3.71185866261e+11,3.52308114624e+11
2016-12-12,'600000,浦发银行,17.49,17.57,17.19,17.34,17.34,0.15,0.8651,0.2357,48359554,841905183.0,3.78103715836e+11,3.58874136562e+11
2016-12-09,'600000,浦发银行,17.34,17.46,17.12,17.14,17.14,0.2,1.1669,0.1405,28835648,500164630.0,3.74860973847e+11,3.55796313778e+11
2016-12-08,'600000,浦发银行,17.14,17.2,17.04,17.15,17.07,0.07,0.4101,0.0645,13234569,226759229.0,3.70537317863e+11,3.51692550067e+11
2016-12-07,'600000,浦发银行,17.07,17.2,17.06,17.17,17.22,-0.15,-0.8711,0.0758,15550748,265825550.0,3.69024038269e+11,3.50256232768e+11
2016-12-06,'600000,浦发银行,17.22,17.42,17.2,17.28,17.3,-0.08,-0.4624,0.1021,20948075,362989434.0,3.72266780257e+11,3.53334055552e+11
2016-12-05,'600000,浦发银行,17.3,17.32,16.91,16.95,17.1,0.2,1.1696,0.1862,38201368,655302810.0,3.73996242651e+11,3.54975561036e+11
2016-12-02,'600000,浦发银行,17.1,17.18,16.8,17.1,17.15,-0.05,-0.2915,0.1652,33895875,576329869.0,3.69672586666e+11,3.50871797325e+11
2016-12-01,'600000,浦发银行,17.15,17.27,17.05,17.15,17.16,-0.01,-0.0583,0.0899,18449219,316391192.0,3.70753500662e+11,3.51897738253e+11
2016-11-30,'600000,浦发银行,17.16,17.45,17.1,17.28,17.26,-0.1,-0.5794,0.0981,20135026,346784527.0,3.70969683462e+11,3.52102926438e+11
2016-11-29,'600000,浦发银行,17.26,17.35,17.11,17.21,17.21,0.05,0.2905,0.1439,29530098,509203656.0,3.73131511454e+11,3.54154808294e+11
2016-11-28,'600000,浦发银行,17.21,17.49,17.15,17.15,17.09,0.12,0.7022,0.1649,33835281,584558233.0,3.72050597458e+11,3.53128867366e+11
2016-11-25,'600000,浦发银行,17.09,17.1,16.81,16.89,16.89,0.2,1.1841,0.1137,23335230,396231886.0,3.69456403867e+11,3.50666609139e+11
2016-11-24,'600000,浦发银行,16.89,17.12,16.86,16.93,16.93,-0.04,-0.2363,0.1026,21043140,356783606.0,3.65132747883e+11,3.46562845428e+11
2016-11-23,'600000,浦发银行,16.93,17.23,16.66,16.68,16.68,0.25,1.4988,0.2195,45036427,765689745.0,3.65997479079e+11,3.4738359817e+11
2016-11-22,'600000,浦发银行,16.68,16.72,16.63,16.67,16.64,0.04,0.2404,0.1027,21080968,351666631.0,3.60592909099e+11,3.42253893531e+11
2016-11-21,'600000,浦发银行,16.64,16.73,16.54,16.59,16.6,0.04,0.241,0.1045,21432453,356612260.0,3.59728177902e+11,3.41433140788e+11
2016-11-18,'600000,浦发银行,16.6,16.64,16.55,16.59,16.6,0.0,0.0,0.1427,29274383,485488349.0,3.58863446705e+11,3.40612388046e+11
2016-11-17,'600000,浦发银行,16.6,16.63,16.52,16.58,16.6,0.0,0.0,0.1107,22718556,376599274.0,3.58863446705e+11,3.40612388046e+11
2016-11-16,'600000,浦发银行,16.6,16.63,16.54,16.59,16.59,0.01,0.0603,0.0604,12395504,205688793.0,3.58863446705e+11,3.40612388046e+11
2016-11-15,'600000,浦发银行,16.59,16.61,16.5,16.59,16.6,-0.01,-0.0602,0.0766,15714142,260648299.0,3.58647263906e+11,3.40407199861e+11
2016-11-14,'600000,浦发银行,16.6,16.7,16.52,16.53,16.59,0.01,0.0603,0.0883,18124496,301208006.0,3.58863446705e+11,3.40612388046e+11
2016-11-11,'600000,浦发银行,16.59,16.63,16.45,16.56,16.57,0.02,0.1207,0.105,21539188,356740636.0,3.58647263906e+11,3.40407199861e+11
2016-11-10,'600000,浦发银行,16.57,16.64,16.48,16.55,16.46,0.11,0.6683,0.0998,20484554,339602785.0,3.58214898308e+11,3.39996823489e+11
2016-11-09,'600000,浦发银行,16.46,16.53,16.36,16.47,16.47,-0.01,-0.0607,0.1941,39826582,655055488.0,3.55836887516e+11,3.37739753448e+11
2016-11-08,'600000,浦发银行,16.47,16.54,16.44,16.45,16.42,0.05,0.3045,0.0843,17307155,285419770.0,3.56053070315e+11,3.37944941634e+11
2016-11-07,'600000,浦发银行,16.42,16.45,16.38,16.39,16.4,0.02,0.122,0.1041,21351658,350381736.0,3.54972156319e+11,3.36919000706e+11
2016-11-04,'600000,浦发银行,16.4,16.53,16.29,16.3,16.35,0.05,0.3058,0.1049,21516475,353348691.0,3.54539790721e+11,3.36508624335e+11
2016-11-03,'600000,浦发银行,16.35,16.38,16.19,16.19,16.2,0.15,0.9259,0.1261,25864110,421412550.0,3.53458876725e+11,3.35482683407e+11
2016-11-02,'600000,浦发银行,16.2,16.3,16.18,16.21,16.3,-0.1,-0.6135,0.1221,25051160,406667269.0,3.50216134736e+11,3.32404860623e+11
2016-11-01,'600000,浦发银行,16.3,16.33,16.21,16.26,16.27,0.03,0.1844,0.0635,13028259,212179107.0,3.52377962729e+11,3.34456742479e+11
2016-10-31,'600000,浦发银行,16.27,16.31,16.01,16.23,16.29,-0.02,-0.1228,0.0715,14673298,237635070.0,3.51729414331e+11,3.33841177922e+11
2016-10-28,'600000,浦发银行,16.29,16.34,16.18,16.19,16.19,0.1,0.6177,0.0734,15067204,244739683.0,3.52161779929e+11,3.34251554294e+11
2016-10-27,'600000,浦发银行,16.19,16.31,16.18,16.3,16.32,-0.13,-0.7966,0.0951,19517454,316513318.0,3.49999951937e+11,3.32199672438e+11
2016-10-26,'600000,浦发银行,16.32,16.42,16.3,16.4,16.42,-0.1,-0.609,0.0606,12436805,203174010.0,3.52810328327e+11,3.3486711885e+11
2016-10-25,'600000,浦发银行,16.42,16.5,16.36,16.48,16.47,-0.05,-0.3036,0.0649,13309321,218721453.0,3.54972156319e+11,3.36919000706e+11
2016-10-24,'600000,浦发银行,16.47,16.58,16.27,16.3,16.3,0.17,1.0429,0.1207,24757241,406980667.0,3.56053070315e+11,3.37944941634e+11
2016-10-21,'600000,浦发银行,16.3,16.34,16.22,16.29,16.29,0.01,0.0614,0.053,10884798,177155062.0,3.52377962729e+11,3.34456742479e+11
2016-10-20,'600000,浦发银行,16.29,16.34,16.25,16.27,16.27,0.02,0.1229,0.0438,8985794,146255319.0,3.52161779929e+11,3.34251554294e+11
2016-10-19,'600000,浦发银行,16.27,16.39,16.24,16.35,16.34,-0.07,-0.4284,0.0543,11143167,181631901.0,3.51729414331e+11,3.33841177922e+11
2016-10-18,'600000,浦发银行,16.34,16.39,16.24,16.28,16.27,0.07,0.4302,0.089,18251833,298064113.0,3.53242693925e+11,3.35277495221e+11
2016-10-17,'600000,浦发银行,16.27,16.44,16.22,16.41,16.46,-0.19,-1.1543,0.08,16424904,268130860.0,3.51729414331e+11,3.33841177922e+11
2016-10-14,'600000,浦发银行,16.46,16.47,16.38,16.43,16.43,0.03,0.1826,0.052,10660114,175020225.0,3.55836887516e+11,3.37739753448e+11
2016-10-13,'600000,浦发银行,16.43,16.52,16.42,16.51,16.51,-0.08,-0.4846,0.0707,14504356,238973130.0,3.55188339118e+11,3.37124188892e+11
2016-10-12,'600000,浦发银行,16.51,16.54,16.48,16.54,16.57,-0.06,-0.3621,0.0519,10643884,175594201.0,3.56917801512e+11,3.38765694376e+11
2016-10-11,'600000,浦发银行,16.57,16.58,16.5,16.57,16.55,0.02,0.1208,0.0618,12690366,209785537.0,3.58214898308e+11,3.39996823489e+11
2016-10-10,'600000,浦发银行,16.55,16.6,16.48,16.53,16.49,0.06,0.3639,0.091,18666854,308450225.0,3.57782532709e+11,3.39586447118e+11
2016-09-30,'600000,浦发银行,16.49,16.53,16.48,16.5,16.5,-0.01,-0.0606,0.0594,12190268,201085204.0,3.56485435914e+11,3.38355318005e+11
2016-09-29,'600000,浦发银行,16.5,16.55,16.49,16.52,16.48,0.02,0.1214,0.0536,10997408,181620111.0,3.56701618713e+11,3.3856050619e+11
2016-09-28,'600000,浦发银行,16.48,16.53,16.46,16.48,16.48,0.0,0.0,0.0626,12841990,211844619.0,3.56269253115e+11,3.38150129819e+11
2016-09-27,'600000,浦发银行,16.48,16.52,16.42,16.42,16.48,0.0,0.0,0.083,17025470,280852907.0,3.56269253115e+11,3.38150129819e+11
2016-09-26,'600000,浦发银行,16.48,16.57,16.41,16.45,16.48,0.0,0.0,0.1012,20769186,342748706.0,3.56269253115e+11,3.38150129819e+11
2016-09-23,'600000,浦发银行,16.48,16.55,16.48,16.55,16.53,-0.05,-0.3025,0.0497,10200460,168270146.0,3.56269253115e+11,3.38150129819e+11
2016-09-22,'600000,浦发银行,16.53,16.59,16.47,16.49,16.45,0.08,0.4863,0.0562,11527832,190442429.0,3.57350167111e+11,3.39176070747e+11
2016-09-21,'600000,浦发银行,16.45,16.51,16.43,16.47,16.46,-0.01,-0.0608,0.0459,9416102,154918234.0,3.55620704717e+11,3.37534565263e+11
2016-09-20,'600000,浦发银行,16.46,16.48,16.42,16.47,16.46,0.0,0.0,0.0848,17396811,286078658.0,3.55836887516e+11,3.37739753448e+11
2016-09-19,'600000,浦发银行,16.46,16.51,16.42,16.45,16.4,0.06,0.3659,0.0705,14465955,238091122.0,3.55836887516e+11,3.37739753448e+11
2016-09-14,'600000,浦发银行,16.4,16.48,16.38,16.43,16.45,-0.05,-0.304,0.1169,23981413,393967822.0,3.54539790721e+11,3.36508624335e+11
2016-09-13,'600000,浦发银行,16.45,16.46,16.39,16.4,16.4,0.05,0.3049,0.0694,14234378,233969071.0,3.55620704717e+11,3.37534565263e+11
2016-09-12,'600000,浦发银行,16.4,16.47,16.26,16.38,16.56,-0.16,-0.9662,0.1779,36509177,597895474.0,3.54539790721e+11,3.36508624335e+11
2016-09-09,'600000,浦发银行,16.56,16.66,16.5,16.62,16.6,-0.04,-0.241,0.0913,18739471,310623908.0,3.57998715508e+11,3.39791635304e+11
2016-09-08,'600000,浦发银行,16.6,16.61,16.43,16.47,16.48,0.12,0.7282,0.1189,24406900,403801797.0,3.58863446705e+11,3.40612388046e+11
2016-09-07,'600000,浦发银行,16.48,16.5,16.35,16.41,16.41,0.07,0.4266,0.0876,17975558,295519896.0,3.56269253115e+11,3.38150129819e+11
2016-09-06,'600000,浦发银行,16.41,16.53,16.37,16.49,16.49,-0.08,-0.4851,0.0988,20282647,333206432.0,3.5475597352e+11,3.3671381252e+11
2016-09-05,'600000,浦发银行,16.49,16.58,16.42,16.49,16.48,0.01,0.0607,0.1251,25677035,423399290.0,3.56485435914e+11,3.38355318005e+11
2016-09-02,'600000,浦发银行,16.48,16.5,16.35,16.38,16.41,0.07,0.4266,0.1128,23147001,380418559.0,3.56269253115e+11,3.38150129819e+11
2016-09-01,'600000,浦发银行,16.41,16.55,16.38,16.48,16.48,-0.07,-0.4248,0.1037,21272047,349934548.0,3.5475597352e+11,3.3671381252e+11
2016-08-31,'600000,浦发银行,16.48,16.56,16.32,16.35,16.4,0.08,0.4878,0.1072,22003438,362526025.0,3.56269253115e+11,3.38150129819e+11
2016-08-30,'600000,浦发银行,16.4,16.49,16.24,16.24,16.23,0.17,1.0474,0.1774,36396993,597418078.0,3.54539790721e+11,3.36508624335e+11
2016-08-29,'600000,浦发银行,16.23,16.37,16.08,16.31,16.34,-0.11,-0.6732,0.1472,30202023,489414008.0,3.50864683134e+11,3.3302042518e+11
2016-08-26,'600000,浦发银行,16.34,16.4,16.29,16.36,16.34,0.0,0.0,0.0716,14688056,240035889.0,3.53242693925e+11,3.35277495221e+11
2016-08-25,'600000,浦发银行,16.34,16.41,16.2,16.36,16.39,-0.05,-0.3051,0.1206,24749915,403472216.0,3.53242693925e+11,3.35277495221e+11
2016-08-24,'600000,浦发银行,16.39,16.51,16.34,16.41,16.4,-0.01,-0.061,0.0833,17085424,280402637.0,3.54323607922e+11,3.36303436149e+11
2016-08-23,'600000,浦发银行,16.4,16.56,16.32,16.41,16.41,-0.01,-0.0609,0.1548,31754370,521794934.0,3.54539790721e+11,3.36508624335e+11
2016-08-22,'600000,浦发银行,16.41,16.47,16.31,16.42,16.42,-0.01,-0.0609,0.0963,19768630,324280093.0,3.5475597352e+11,3.3671381252e+11
2016-08-19,'600000,浦发银行,16.42,16.5,16.36,16.43,16.44,-0.02,-0.1217,0.0971,19927300,327521631.0,3.54972156319e+11,3.36919000706e+11
2016-08-18,'600000,浦发银行,16.44,16.77,16.35,16.55,16.64,-0.2,-1.2019,0.1809,37110139,612294413.0,3.55404521918e+11,3.37329377077e+11
2016-08-17,'600000,浦发银行,16.64,16.85,16.52,16.72,16.7,-0.06,-0.3593,0.1776,36446597,606581272.0,3.59728177902e+11,3.41433140788e+11
2016-08-16,'600000,浦发银行,16.7,16.99,16.67,16.94,16.94,-0.24,-1.4168,0.2407,49384036,829743468.0,3.61025274697e+11,3.42664269902e+11
2016-08-15,'600000,浦发银行,16.94,17.02,16.45,16.5,16.36,0.58,3.5452,0.3769,77333862,1299618491.0,3.66213661879e+11,3.47588786356e+11
2016-08-12,'600000,浦发银行,16.36,16.39,16.0,16.12,16.07,0.29,1.8046,0.229,46991632,763634354.0,3.53675059524e+11,3.35687871593e+11
2016-08-11,'600000,浦发银行,16.07,16.4,15.74,15.75,15.83,0.24,1.5161,0.2568,52689421,852413099.0,3.47405758347e+11,3.29737414211e+11
2016-08-10,'600000,浦发银行,15.83,15.85,15.73,15.8,15.79,0.04,0.2533,0.0902,18499535,292534452.0,3.42217371165e+11,3.24812897757e+11
2016-08-09,'600000,浦发银行,15.79,15.8,15.71,15.75,15.74,0.05,0.3177,0.0754,15480879,243949588.0,3.41352639968e+11,3.23992145015e+11
2016-08-08,'600000,浦发银行,15.74,15.76,15.66,15.76,15.73,0.01,0.0636,0.064,13129367,206333087.0,3.40271725972e+11,3.22966204087e+11
2016-08-05,'600000,浦发银行,15.73,15.8,15.59,15.6,15.59,0.14,0.898,0.086,17648517,277447198.0,3.40055543173e+11,3.22761015902e+11
2016-08-04,'600000,浦发银行,15.59,15.69,15.49,15.69,15.67,-0.08,-0.5105,0.0761,15610498,243122631.0,3.37028983984e+11,3.19888381304e+11
2016-08-03,'600000,浦发银行,15.67,15.72,15.62,15.64,15.75,-0.08,-0.5079,0.0516,10583990,165699514.0,3.38758446378e+11,3.21529886788e+11
2016-08-02,'600000,浦发银行,15.75,15.85,15.68,15.79,15.8,-0.05,-0.3165,0.053,10877815,171311340.0,3.40487908772e+11,3.23171392273e+11
2016-08-01,'600000,浦发银行,15.8,15.85,15.65,15.68,15.7,0.1,0.6369,0.1117,22909943,361191350.0,3.41568822768e+11,3.24197333201e+11
2016-07-29,'600000,浦发银行,15.7,15.71,15.61,15.65,15.68,0.02,0.1276,0.0699,14348301,224747562.0,3.39406994775e+11,3.22145451345e+11
2016-07-28,'600000,浦发银行,15.68,15.79,15.65,15.77,15.87,-0.19,-1.1972,0.0851,17451372,274345301.0,3.38974629177e+11,3.21735074974e+11
2016-07-27,'600000,浦发银行,15.87,15.88,15.45,15.73,15.74,0.13,0.8259,0.1983,40697330,637937308.0,3.43082102362e+11,3.256336505e+11
2016-07-26,'600000,浦发银行,15.74,15.79,15.65,15.69,15.69,0.05,0.3187,0.0997,20462397,321598665.0,3.40271725972e+11,3.22966204087e+11
2016-07-25,'600000,浦发银行,15.69,15.76,15.63,15.63,15.63,0.06,0.3839,0.0558,11441970,179598105.0,3.39190811976e+11,3.21940263159e+11
2016-07-22,'600000,浦发银行,15.63,15.82,15.58,15.81,15.83,-0.2,-1.2634,0.0814,16711700,262066573.0,3.37893715181e+11,3.20709134046e+11
2016-07-21,'600000,浦发银行,15.83,15.87,15.7,15.74,15.75,0.08,0.5079,0.1073,22020445,348156592.0,3.42217371165e+11,3.24812897757e+11
2016-07-20,'600000,浦发银行,15.75,15.76,15.63,15.7,15.73,0.02,0.1271,0.0725,14866526,233284416.0,3.40487908772e+11,3.23171392273e+11
2016-07-19,'600000,浦发银行,15.73,15.8,15.65,15.77,15.77,-0.04,-0.2536,0.0837,17179816,269908287.0,3.40055543173e+11,3.22761015902e+11
2016-07-18,'600000,浦发银行,15.77,15.91,15.66,15.73,15.71,0.06,0.3819,0.1353,27766982,438169692.0,3.4092027437e+11,3.23581768644e+11
2016-07-15,'600000,浦发银行,15.71,15.75,15.65,15.71,15.7,0.01,0.0637,0.078,15998100,251152944.0,3.39623177575e+11,3.2235063953e+11
2016-07-14,'600000,浦发银行,15.7,15.84,15.64,15.77,15.79,-0.09,-0.57,0.0823,16883421,265364888.0,3.39406994775e+11,3.22145451345e+11
2016-07-13,'600000,浦发银行,15.79,15.97,15.64,15.65,15.64,0.15,0.9591,0.1766,36238056,573546775.0,3.41352639968e+11,3.23992145015e+11
2016-07-12,'600000,浦发银行,15.64,15.65,15.45,15.48,15.43,0.21,1.361,0.1245,25545130,397267013.0,3.3810989798e+11,3.20914322231e+11
2016-07-11,'600000,浦发银行,15.43,15.57,15.4,15.56,15.45,-0.02,-0.1294,0.1114,22852491,354003568.0,3.33570059196e+11,3.16605370335e+11
2016-07-08,'600000,浦发银行,15.45,15.56,15.44,15.55,15.57,-0.12,-0.7707,0.0726,14901331,230568191.0,3.34002424795e+11,3.17015746706e+11
2016-07-07,'600000,浦发银行,15.57,15.64,15.45,15.63,15.64,-0.07,-0.4476,0.1194,24498042,380536334.0,3.36596618386e+11,3.19478004932e+11
2016-07-06,'600000,浦发银行,15.64,15.76,15.61,15.71,15.79,-0.15,-0.95,0.112,22976510,360070168.0,3.3810989798e+11,3.20914322231e+11
2016-07-05,'600000,浦发银行,15.79,15.95,15.75,15.94,15.93,-0.14,-0.8788,0.0788,16171615,255727223.0,3.41352639968e+11,3.23992145015e+11
2016-07-04,'600000,浦发银行,15.93,16.03,15.8,15.86,15.92,0.01,0.0628,0.1044,21411650,341120776.0,3.44379199157e+11,3.26864779613e+11
2016-07-01,'600000,浦发银行,15.92,15.96,15.54,15.57,15.57,0.35,2.2479,0.1224,25106479,394802033.0,3.44163016358e+11,3.26659591427e+11
2016-06-30,'600000,浦发银行,15.57,15.66,15.44,15.5,15.5,0.07,0.4516,0.1011,20735886,323223547.0,3.36596618386e+11,3.19478004932e+11
2016-06-29,'600000,浦发银行,15.5,15.54,15.28,15.29,15.28,0.22,1.4398,0.1036,21253351,326320213.0,3.35083338791e+11,3.18041687634e+11
2016-06-28,'600000,浦发银行,15.28,15.3,15.18,15.27,15.31,-0.03,-0.196,0.0612,12559826,191346962.0,3.30327317208e+11,3.13527547551e+11
2016-06-27,'600000,浦发银行,15.31,15.39,15.18,15.29,15.28,0.03,0.1963,0.0934,19163499,292488228.0,3.30975865606e+11,3.14143112108e+11
2016-06-24,'600000,浦发银行,15.28,15.79,15.08,15.7,15.72,-0.44,-2.799,0.149,30575522,470756348.0,3.30327317208e+11,3.13527547551e+11
2016-06-23,'600000,DR浦发银,15.72,15.9,15.71,15.9,15.8,-0.08,-0.5063,0.0628,12882295,203560849.0,3.39839360374e+11,3.22555827716e+11
2016-06-22,'600000,浦发银行,17.89,17.9,17.78,17.8,17.78,0.11,0.6187,0.0763,14227501,253800359.0,3.51591843454e+11,3.33710603614e+11
2016-06-21,'600000,浦发银行,17.78,17.95,17.75,17.88,17.85,-0.07,-0.3922,0.085,15852873,282663680.0,3.49430015462e+11,3.31658721759e+11
2016-06-20,'600000,浦发银行,17.85,17.93,17.75,17.93,17.77,0.08,0.4502,0.0519,9681495,172507202.0,3.50805724184e+11,3.32964464758e+11
2016-06-17,'600000,浦发银行,17.77,17.99,17.74,17.75,17.8,-0.03,-0.1685,0.0933,17412233,311113072.0,3.49233485644e+11,3.31472187045e+11
2016-06-16,'600000,浦发银行,17.8,17.93,17.6,17.67,17.74,0.06,0.3382,0.1655,30871127,549171213.0,3.49823075097e+11,3.32031791187e+11
2016-06-15,'600000,浦发银行,17.74,17.76,17.55,17.61,17.79,-0.05,-0.2811,0.1412,26332177,464557383.0,3.48643896192e+11,3.30912582902e+11
2016-06-14,'600000,浦发银行,17.79,17.83,17.7,17.77,17.78,0.01,0.0562,0.1006,18773357,333449719.0,3.49626545279e+11,3.31845256473e+11
2016-06-13,'600000,浦发银行,17.78,17.94,17.77,17.86,17.99,-0.21,-1.1673,0.1611,30051583,536281150.0,3.49430015462e+11,3.31658721759e+11
2016-06-08,'600000,浦发银行,17.99,18.07,17.97,18.01,18.02,-0.03,-0.1665,0.1274,23758300,427741583.0,3.53557141629e+11,3.35575950756e+11
2016-06-07,'600000,浦发银行,18.02,18.13,17.97,18.1,18.02,0.0,0.0,0.0886,16533983,298145352.0,3.54146731081e+11,3.36135554898e+11
2016-06-06,'600000,浦发银行,18.02,18.11,17.97,18.05,18.01,0.01,0.0555,0.0957,17856247,321865763.0,3.54146731081e+11,3.36135554898e+11
2016-06-03,'600000,浦发银行,18.01,18.13,17.9,18.12,18.02,-0.01,-0.0555,0.0965,18003512,323746001.0,3.53950201263e+11,3.35949020184e+11
2016-06-02,'600000,浦发银行,18.02,18.3,17.93,18.2,18.19,-0.17,-0.9346,0.0954,17786525,321768768.0,3.54146731081e+11,3.36135554898e+11
2016-06-01,'600000,浦发银行,18.19,18.35,18.13,18.3,18.29,-0.1,-0.5467,0.0982,18312424,333790682.0,3.57487737978e+11,3.39306645039e+11
2016-05-31,'600000,浦发银行,18.29,18.4,17.92,17.93,17.95,0.34,1.8942,0.191,35631526,650177320.0,3.59453036153e+11,3.4117199218e+11
2016-05-30,'600000,浦发银行,17.95,17.97,17.68,17.84,17.74,0.21,1.1838,0.094,17538184,313324795.0,3.52771022359e+11,3.34829811899e+11
2016-05-27,'600000,浦发银行,17.74,17.77,17.63,17.69,17.7,0.04,0.226,0.0623,11621242,205801175.0,3.48643896192e+11,3.30912582902e+11
2016-05-26,'600000,浦发银行,17.7,17.86,17.65,17.65,17.67,0.03,0.1698,0.0593,11065062,196266938.0,3.47857776922e+11,3.30166444046e+11
2016-05-25,'600000,浦发银行,17.67,17.73,17.6,17.68,17.55,0.12,0.6838,0.0738,13766238,243549455.0,3.47268187469e+11,3.29606839903e+11
2016-05-24,'600000,浦发银行,17.55,17.6,17.43,17.48,17.55,0.0,0.0,0.0575,10725938,187905438.0,3.4490982966e+11,3.27368423333e+11
2016-05-23,'600000,浦发银行,17.55,17.68,17.44,17.5,17.45,0.1,0.5731,0.0755,14080659,247441303.0,3.4490982966e+11,3.27368423333e+11
2016-05-20,'600000,浦发银行,17.45,17.5,17.27,17.31,17.35,0.1,0.5764,0.0597,11140621,194223009.0,3.42944531485e+11,3.25503076192e+11
2016-05-19,'600000,浦发银行,17.35,17.49,17.33,17.44,17.56,-0.21,-1.1959,0.0557,10380826,180686332.0,3.4097923331e+11,3.2363772905e+11
2016-05-18,'600000,浦发银行,17.56,17.62,17.02,17.25,17.25,0.31,1.7971,0.166,30962453,536935470.0,3.45106359477e+11,3.27554958047e+11
2016-05-17,'600000,浦发银行,17.25,17.34,17.16,17.29,17.29,-0.04,-0.2313,0.0524,9765153,168387277.0,3.39013935136e+11,3.21772381909e+11
2016-05-16,'600000,浦发银行,17.29,17.35,17.21,17.23,17.24,0.05,0.29,0.0592,11045624,190872655.0,3.39800054406e+11,3.22518520765e+11
2016-05-13,'600000,浦发银行,17.24,17.46,17.22,17.37,17.41,-0.17,-0.9765,0.059,11013829,190929402.0,3.38817405318e+11,3.21585847195e+11
2016-05-12,'600000,浦发银行,17.41,17.5,17.2,17.43,17.45,-0.04,-0.2292,0.0786,14668954,254410730.0,3.42158412215e+11,3.24756937335e+11
2016-05-11,'600000,浦发银行,17.45,17.57,17.4,17.55,17.48,-0.03,-0.1716,0.064,11941164,208655785.0,3.42944531485e+11,3.25503076192e+11
2016-05-10,'600000,浦发银行,17.48,17.56,17.38,17.38,17.51,-0.03,-0.1713,0.0903,16846648,294675478.0,3.43534120938e+11,3.26062680334e+11
2016-05-09,'600000,浦发银行,17.51,17.8,17.4,17.71,17.73,-0.22,-1.2408,0.1177,21947591,386423417.0,3.4412371039e+11,3.26622284477e+11
2016-05-06,'600000,浦发银行,17.73,18.1,17.71,18.07,18.06,-0.33,-1.8272,0.1255,23406763,418454827.0,3.48447366374e+11,3.30726048188e+11
2016-05-05,'600000,浦发银行,18.06,18.12,17.98,18.06,18.08,-0.02,-0.1106,0.0801,14936632,269576075.0,3.54932850351e+11,3.36881693755e+11
2016-05-04,'600000,浦发银行,18.08,18.23,18.02,18.06,18.12,-0.04,-0.2208,0.1239,23118959,418592994.0,3.55325909986e+11,3.37254763183e+11
2016-05-03,'600000,浦发银行,18.12,18.24,17.83,17.95,17.83,0.29,1.6265,0.1489,27776723,501830132.0,3.56112029256e+11,3.3800090204e+11
2016-04-29,'600000,浦发银行,17.83,17.94,17.75,17.83,17.9,-0.07,-0.3911,0.1237,23065933,412460987.0,3.50412664549e+11,3.32591395329e+11
2016-04-28,'600000,浦发银行,17.9,18.1,17.83,17.93,17.86,0.04,0.224,0.0843,15728417,282201353.0,3.51788373271e+11,3.33897138328e+11
2016-04-27,'600000,浦发银行,17.86,17.97,17.8,17.97,17.92,-0.06,-0.3348,0.0742,13838875,247622905.0,3.51002254001e+11,3.33150999472e+11
2016-04-26,'600000,浦发银行,17.92,18.08,17.75,17.87,17.88,0.04,0.2237,0.0844,15739400,281501388.0,3.52181432906e+11,3.34270207757e+11
2016-04-25,'600000,浦发银行,17.88,18.16,17.82,18.15,18.24,-0.36,-1.9737,0.1302,24294360,435467860.0,3.51395313636e+11,3.335240689e+11
2016-04-22,'600000,浦发银行,18.24,18.36,17.94,18.0,18.12,0.12,0.6623,0.1511,28178162,513194655.0,3.58470387065e+11,3.4023931861e+11
2016-04-21,'600000,浦发银行,18.12,18.35,17.75,17.82,17.96,0.16,0.8909,0.2585,48212915,872382605.0,3.56112029256e+11,3.3800090204e+11
2016-04-20,'600000,浦发银行,17.96,17.99,17.31,17.89,17.9,0.06,0.3352,0.2499,46614611,825437834.0,3.52967552176e+11,3.35016346613e+11
2016-04-19,'600000,浦发银行,17.9,17.98,17.78,17.95,17.81,0.09,0.5053,0.1461,27246371,487095912.0,3.51788373271e+11,3.33897138328e+11
2016-04-18,'600000,浦发银行,17.81,18.03,17.66,17.75,17.89,-0.08,-0.4472,0.1506,28084133,501790676.0,3.50019604914e+11,3.32218325901e+11
2016-04-15,'600000,浦发银行,17.89,18.06,17.8,17.95,17.8,0.09,0.5056,0.1864,34773526,623836222.0,3.51591843454e+11,3.33710603614e+11
2016-04-14,'600000,浦发银行,17.8,18.01,17.75,17.9,17.74,0.06,0.3382,0.0847,15796208,281977244.0,3.49823075097e+11,3.32031791187e+11
2016-04-13,'600000,浦发银行,17.74,17.99,17.69,17.73,17.62,0.12,0.681,0.1886,35189716,627667715.0,3.48643896192e+11,3.30912582902e+11
2016-04-12,'600000,浦发银行,17.62,17.7,17.53,17.69,17.67,-0.05,-0.283,0.0756,14100759,248002295.0,3.46285538382e+11,3.28674166332e+11
2016-04-11,'600000,浦发银行,17.67,17.82,17.55,17.6,17.6,0.07,0.3977,0.1293,24117635,426862387.0,3.47268187469e+11,3.29606839903e+11
2016-04-08,'600000,浦发银行,17.6,17.76,17.53,17.56,17.69,-0.09,-0.5088,0.0918,17132244,301704521.0,3.45892478747e+11,3.28301096904e+11
2016-04-07,'600000,浦发银行,17.69,18.0,17.63,17.95,17.96,-0.27,-1.5033,0.1557,29047713,516129852.0,3.47661247104e+11,3.29979909331e+11
2016-04-06,'600000,浦发银行,17.96,18.14,17.87,18.03,18.17,-0.21,-1.1558,0.1256,23428724,421234846.0,3.52967552176e+11,3.35016346613e+11
2016-04-05,'600000,浦发银行,18.17,18.29,17.76,17.94,18.18,-0.01,-0.055,0.2285,42622297,768010128.0,3.57094678343e+11,3.38933575611e+11
2016-04-01,'600000,浦发银行,18.18,18.25,17.61,17.98,17.93,0.25,1.3943,0.1919,35790541,643979468.0,3.5729120816e+11,3.39120110325e+11
2016-03-31,'600000,浦发银行,17.93,18.08,17.72,17.98,17.87,0.06,0.3358,0.1274,23762112,425380429.0,3.52377962724e+11,3.34456742471e+11
2016-03-30,'600000,浦发银行,17.87,17.95,17.65,17.65,17.45,0.42,2.4069,0.1906,35562148,634175207.0,3.51198783819e+11,3.33337534186e+11
2016-03-29,'600000,浦发银行,17.45,17.66,17.37,17.53,17.45,0.0,0.0,0.1027,19151152,335806206.0,3.42944531485e+11,3.25503076192e+11
2016-03-28,'600000,浦发银行,17.45,18.0,17.37,17.78,17.74,-0.29,-1.6347,0.1315,24521696,433449200.0,3.42944531485e+11,3.25503076192e+11
2016-03-25,'600000,浦发银行,17.74,17.87,17.68,17.72,17.72,0.02,0.1129,0.073,13619185,241971869.0,3.48643896192e+11,3.30912582902e+11
2016-03-24,'600000,浦发银行,17.72,18.11,17.68,18.11,18.13,-0.41,-2.2614,0.1471,27448272,488313660.0,3.48250836557e+11,3.30539513474e+11
2016-03-23,'600000,浦发银行,18.13,18.35,18.06,18.16,18.15,-0.02,-0.1102,0.1492,27830795,506023215.0,3.56308559073e+11,3.38187436754e+11
2016-03-22,'600000,浦发银行,18.15,18.63,18.02,18.09,18.06,0.09,0.4983,0.2346,43760811,800814893.0,3.56701618708e+11,3.38560506182e+11
2016-03-21,'600000,浦发银行,18.06,18.25,17.78,17.78,17.84,0.22,1.2332,0.2252,42001532,756966797.0,3.36881693755e+11,3.36881693755e+11
2016-03-18,'600000,浦发银行,17.84,18.0,17.65,17.79,17.7,0.14,0.791,0.3001,55987968,996332597.0,3.32777930044e+11,3.32777930044e+11
2016-03-17,'600000,浦发银行,17.7,18.19,17.45,17.81,18.03,-0.33,-1.8303,0.368,68635812,1219236346.0,3.30166444046e+11,3.30166444046e+11
2016-03-16,'600000,浦发银行,18.03,18.07,16.91,16.92,17.02,1.01,5.9342,0.5811,108404378,1924212601.0,3.36322089612e+11,3.36322089612e+11
2016-03-15,'600000,浦发银行,17.02,17.19,16.81,16.95,16.86,0.16,0.949,0.2013,37540932,638223050.0,3.17482083483e+11,3.17482083483e+11
2016-03-14,'600000,浦发银行,16.86,17.47,16.82,16.88,16.97,-0.11,-0.6482,0.3052,56922239,973317374.0,3.14497528057e+11,3.14497528057e+11
2016-03-11,'600000,浦发银行,16.97,17.53,16.61,17.51,18.45,-1.48,-8.0217,0.5267,98240322,1657158636.0,3.16549409913e+11,3.16549409913e+11
2016-03-10,'600000,浦发银行,0.0,0.0,0.0,0.0,18.45,None,None,0.0,0,0.0,3.44156547607e+11,3.44156547607e+11
2016-03-09,'600000,浦发银行,0.0,0.0,0.0,0.0,18.45,None,None,0.0,0,0.0,3.44156547607e+11,3.44156547607e+11
2016-03-08,'600000,浦发银行,0.0,0.0,0.0,0.0,18.45,None,None,0.0,0,0.0,3.44156547607e+11,3.44156547607e+11
2016-03-07,'600000,浦发银行,0.0,0.0,0.0,0.0,18.45,None,None,0.0,0,0.0,3.44156547607e+11,3.44156547607e+11
2016-03-04,'600000,浦发银行,0.0,0.0,0.0,0.0,18.45,None,None,0.0,0,0.0,3.44156547607e+11,3.44156547607e+11
2016-03-03,'600000,浦发银行,0.0,0.0,0.0,0.0,18.45,None,None,0.0,0,0.0,3.44156547607e+11,3.44156547607e+11
2016-03-02,'600000,浦发银行,0.0,0.0,0.0,0.0,18.45,None,None,0.0,0,0.0,3.44156547607e+11,3.44156547607e+11
2016-03-01,'600000,浦发银行,0.0,0.0,0.0,0.0,18.45,None,None,0.0,0,0.0,3.44156547607e+11,3.44156547607e+11
2016-02-29,'600000,浦发银行,0.0,0.0,0.0,0.0,18.45,None,None,0.0,0,0.0,3.44156547607e+11,3.44156547607e+11
2016-02-26,'600000,浦发银行,0.0,0.0,0.0,0.0,18.45,None,None,0.0,0,0.0,3.44156547607e+11,3.44156547607e+11
2016-02-25,'600000,浦发银行,0.0,0.0,0.0,0.0,18.45,None,None,0.0,0,0.0,3.44156547607e+11,3.44156547607e+11
2016-02-24,'600000,浦发银行,0.0,0.0,0.0,0.0,18.45,None,None,0.0,0,0.0,3.44156547607e+11,3.44156547607e+11
2016-02-23,'600000,浦发银行,0.0,0.0,0.0,0.0,18.45,None,None,0.0,0,0.0,3.44156547607e+11,3.44156547607e+11
2016-02-22,'600000,浦发银行,0.0,0.0,0.0,0.0,18.45,None,None,0.0,0,0.0,3.44156547607e+11,3.44156547607e+11
2016-02-19,'600000,浦发银行,0.0,0.0,0.0,0.0,18.45,None,None,0.0,0,0.0,3.44156547607e+11,3.44156547607e+11
2016-02-18,'600000,浦发银行,0.0,0.0,0.0,0.0,18.45,None,None,0.0,0,0.0,3.44156547607e+11,3.44156547607e+11
2016-02-17,'600000,浦发银行,0.0,0.0,0.0,0.0,18.45,None,None,0.0,0,0.0,3.44156547607e+11,3.44156547607e+11
2016-02-16,'600000,浦发银行,0.0,0.0,0.0,0.0,18.45,None,None,0.0,0,0.0,3.44156547607e+11,3.44156547607e+11
2016-02-15,'600000,浦发银行,18.45,18.48,17.8,17.98,18.38,0.07,0.3808,0.3608,67296317,1221398339.0,3.44156547607e+11,3.44156547607e+11
2016-02-05,'600000,浦发银行,18.38,18.39,17.15,17.24,17.3,1.08,6.2428,0.4204,78413454,1401156041.0,3.42850804608e+11,3.42850804608e+11
2016-02-04,'600000,浦发银行,17.3,17.32,16.63,16.84,16.61,0.69,4.1541,0.2528,47162860,799283799.0,3.2270505548e+11,3.2270505548e+11
2016-02-03,'600000,浦发银行,16.61,16.66,16.45,16.6,16.76,-0.15,-0.895,0.1489,27779183,459255616.0,3.09834160203e+11,3.09834160203e+11
2016-02-02,'600000,浦发银行,16.76,16.94,16.46,16.5,16.5,0.26,1.5758,0.1361,25380981,425396889.0,3.12632180915e+11,3.12632180915e+11
2016-02-01,'600000,浦发银行,16.5,17.0,16.41,16.99,16.9,-0.4,-2.3669,0.1562,29139596,485275132.0,3.07782278348e+11,3.07782278348e+11
2016-01-29,'600000,浦发银行,16.9,17.05,16.41,16.52,16.58,0.32,1.93,0.2543,47429000,799493381.0,3.15243666914e+11,3.15243666914e+11
2016-01-28,'600000,浦发银行,16.58,16.82,15.88,16.76,16.68,-0.1,-0.5995,0.2086,38902180,643984171.0,3.09274556061e+11,3.09274556061e+11
2016-01-27,'600000,浦发银行,16.68,16.98,16.51,16.75,16.66,0.02,0.12,0.2374,44291307,742640743.0,3.11139903202e+11,3.11139903202e+11
2016-01-26,'600000,浦发银行,16.66,17.14,16.4,16.96,17.03,-0.37,-2.1726,0.2052,38279766,643611762.0,3.10766833774e+11,3.10766833774e+11
2016-01-25,'600000,浦发银行,17.03,17.17,16.72,17.0,17.02,0.01,0.0588,0.1263,23558971,400445071.0,3.17668618197e+11,3.17668618197e+11
2016-01-22,'600000,浦发银行,17.02,17.11,16.49,16.84,16.58,0.44,2.6538,0.2252,42007318,708179241.0,3.17482083483e+11,3.17482083483e+11
2016-01-21,'600000,浦发银行,16.58,17.46,16.5,17.22,17.25,-0.67,-3.8841,0.1833,34197115,582845476.0,3.09274556061e+11,3.09274556061e+11
2016-01-20,'600000,浦发银行,17.25,17.7,17.08,17.61,17.77,-0.52,-2.9263,0.1928,35968636,623546924.0,3.21772381909e+11,3.21772381909e+11
2016-01-19,'600000,浦发银行,17.77,17.88,17.5,17.78,17.68,0.09,0.509,0.1598,29807159,527753175.0,3.31472187045e+11,3.31472187045e+11
2016-01-18,'600000,浦发银行,17.68,17.99,17.32,17.43,17.58,0.1,0.5688,0.1755,32729006,583291559.0,3.29793374617e+11,3.29793374617e+11
2016-01-15,'600000,浦发银行,17.58,18.15,17.52,17.8,17.92,-0.34,-1.8973,0.2505,46723139,836146426.0,3.27928027476e+11,3.27928027476e+11
2016-01-14,'600000,浦发银行,17.92,17.99,16.89,17.0,17.39,0.53,3.0477,0.294,54838833,966117848.0,3.34270207757e+11,3.34270207757e+11
2016-01-13,'600000,浦发银行,17.39,17.9,17.35,17.57,17.45,-0.06,-0.3438,0.2566,47869312,843717365.0,3.24383867907e+11,3.24383867907e+11
2016-01-12,'600000,浦发银行,17.45,17.52,17.08,17.17,17.05,0.4,2.346,0.2969,55374454,964061502.0,3.25503076192e+11,3.25503076192e+11
2016-01-11,'600000,浦发银行,17.05,17.45,16.96,17.21,17.49,-0.44,-2.5157,0.4834,90177135,1550155933.0,3.18041687626e+11,3.18041687626e+11
2016-01-08,'600000,浦发银行,17.49,17.88,16.91,17.74,17.51,-0.02,-0.1142,0.3855,71918296,1262105060.0,3.26249215048e+11,3.26249215048e+11
2016-01-07,'600000,浦发银行,17.51,17.9,17.4,17.8,18.1,-0.59,-3.2597,0.0608,11350479,199502702.0,3.26622284477e+11,3.26622284477e+11
2016-01-06,'600000,浦发银行,18.1,18.14,17.69,17.9,17.96,0.14,0.7795,0.2507,46772653,838667398.0,3.37627832612e+11,3.37627832612e+11
2016-01-05,'600000,浦发银行,17.96,18.06,17.4,17.51,17.8,0.16,0.8989,0.3112,58054793,1034181474.0,3.35016346613e+11,3.35016346613e+11
2016-01-04,'600000,浦发银行,17.8,18.28,17.55,18.28,18.27,-0.47,-2.5725,0.2264,42240610,754425783.0,3.32031791187e+11,3.32031791187e+11

